Variant_ID,Target,KT_Epitope_Count,ESM2_Score,Status,Notes
HIV_gp120_Var_01_YES72107.1,HIV_gp120,23,0.6611,ANTIGENIC,Passes K&T and ESM-2
HIV_gp120_Var_02_YES72086.1,HIV_gp120,26,0.4079,NON-ANTIGENIC,Failed
HIV_gp120_Var_03_XUS50365.1,HIV_gp120,24,0.8471,ANTIGENIC,Passes K&T and ESM-2
HIV_gp120_Var_04_XUS50356.1,HIV_gp120,24,0.7883,ANTIGENIC,Passes K&T and ESM-2
HIV_gp120_Var_05_XUS50347.1,HIV_gp120,27,0.8742,ANTIGENIC,Passes K&T and ESM-2
HIV_gp120_Var_06_YAA49993.1,HIV_gp120,25,0.5455,ANTIGENIC,Passes K&T and ESM-2
HIV_gp120_Var_07_YAA49984.1,HIV_gp120,25,0.4614,NON-ANTIGENIC,Failed
HIV_gp120_Var_08_YAA49975.1,HIV_gp120,27,0.6917,ANTIGENIC,Passes K&T and ESM-2
HIV_gp120_Var_09_YAA49963.1,HIV_gp120,23,0.572,ANTIGENIC,Passes K&T and ESM-2
HIV_gp120_Var_11_XZS46061.1,HIV_gp120,22,0.3523,NON-ANTIGENIC,Failed
HIV_gp120_Var_13_YDB18357.1,HIV_gp120,23,0.4605,NON-ANTIGENIC,Failed
HIV_gp120_Var_15_YCS46608.1,HIV_gp120,27,0.8249,ANTIGENIC,Passes K&T and ESM-2
HIV_gp120_Var_17_YCS46590.1,HIV_gp120,24,0.3832,NON-ANTIGENIC,Failed
HIV_gp120_Var_18_WVT29348.1,HIV_gp120,24,0.9274,ANTIGENIC,Passes K&T and ESM-2
HIV_gp120_Var_19_WVT29340.1,HIV_gp120,21,0.9016,ANTIGENIC,Passes K&T and ESM-2
HIV_gp120_Var_21_XZP52928.1,HIV_gp120,27,0.587,ANTIGENIC,Passes K&T and ESM-2
HIV_gp120_Var_25_pdb|8TTW|J,HIV_gp120,4,0.3008,NON-ANTIGENIC,Failed
HIV_gp120_Var_27_pdb|8TTW|F,HIV_gp120,4,0.7724,ANTIGENIC,Passes K&T and ESM-2
HIV_gp120_Var_29_pdb|8TTW|B,HIV_gp120,4,0.704,ANTIGENIC,Passes K&T and ESM-2
HIV_gp41_Var_01_YES72107.1,HIV_gp41,23,0.63,ANTIGENIC,Passes K&T and ESM-2
HIV_gp41_Var_02_XUS50365.1,HIV_gp41,24,0.74,ANTIGENIC,Passes K&T and ESM-2
HIV_gp41_Var_03_XUS50356.1,HIV_gp41,24,0.6205,ANTIGENIC,Passes K&T and ESM-2
HIV_gp41_Var_04_XUS50347.1,HIV_gp41,27,0.788,ANTIGENIC,Passes K&T and ESM-2
HIV_gp41_Var_05_YAA49993.1,HIV_gp41,25,0.5757,ANTIGENIC,Passes K&T and ESM-2
HIV_gp41_Var_06_YAA49984.1,HIV_gp41,25,0.8038,ANTIGENIC,Passes K&T and ESM-2
HIV_gp41_Var_07_YAA49975.1,HIV_gp41,27,0.5864,ANTIGENIC,Passes K&T and ESM-2
HIV_gp41_Var_08_YAA49963.1,HIV_gp41,23,0.544,ANTIGENIC,Passes K&T and ESM-2
HIV_gp41_Var_09_XZS46061.1,HIV_gp41,22,0.7143,ANTIGENIC,Passes K&T and ESM-2
HIV_gp41_Var_10_YDB18357.1,HIV_gp41,23,0.7893,ANTIGENIC,Passes K&T and ESM-2
HIV_gp41_Var_13_WVT29340.1,HIV_gp41,21,0.7132,ANTIGENIC,Passes K&T and ESM-2
HIV_gp41_Var_18_pdb|8TTW|J,HIV_gp41,4,0.3125,NON-ANTIGENIC,Failed
HIV_gp41_Var_19_pdb|8TTW|F,HIV_gp41,4,0.3199,NON-ANTIGENIC,Failed
HIV_gp41_Var_20_pdb|8TTW|B,HIV_gp41,4,0.5644,ANTIGENIC,Passes K&T and ESM-2
HIV_gp41_Var_23_XPO04995.1,HIV_gp41,23,0.8137,ANTIGENIC,Passes K&T and ESM-2
HIV_gp41_Var_24_XPO04987.1,HIV_gp41,24,0.3583,NON-ANTIGENIC,Failed
HIV_gp41_Var_25_XPO04978.1,HIV_gp41,24,0.5326,ANTIGENIC,Passes K&T and ESM-2
HIV_gp41_Var_26_XPO04971.1,HIV_gp41,23,0.4253,NON-ANTIGENIC,Failed
HIV_gp41_Var_27_XPO04794.1,HIV_gp41,23,0.5757,ANTIGENIC,Passes K&T and ESM-2
HIV_gp41_Var_28_XPO04776.1,HIV_gp41,24,0.518,ANTIGENIC,Passes K&T and ESM-2
HIV_gp41_Var_30_XPO03852.1,HIV_gp41,24,0.4698,NON-ANTIGENIC,Failed
HIV_p17_Var_01_YES72110.1,HIV_p17,58,0.4548,NON-ANTIGENIC,Failed
HIV_p17_Var_03_YES72089.1,HIV_p17,54,0.5717,ANTIGENIC,Passes K&T and ESM-2
HIV_p17_Var_23_XWN58111.1,HIV_p17,11,0.7483,ANTIGENIC,Passes K&T and ESM-2
HIV_p17_Var_24_XWN58110.1,HIV_p17,11,0.7834,ANTIGENIC,Passes K&T and ESM-2
HIV_p17_Var_25_XWN58107.1,HIV_p17,11,0.7501,ANTIGENIC,Passes K&T and ESM-2
HIV_p17_Var_30_XWN58084.1,HIV_p17,11,0.6779,ANTIGENIC,Passes K&T and ESM-2
HIV_p24_Var_01_YES72110.1,HIV_p24,58,0.599,ANTIGENIC,Passes K&T and ESM-2
HIV_p24_Var_03_YES72089.1,HIV_p24,54,0.6386,ANTIGENIC,Passes K&T and ESM-2
HIV_p24_Var_23_XWN58111.1,HIV_p24,11,0.5732,ANTIGENIC,Passes K&T and ESM-2
HIV_p24_Var_24_XWN58110.1,HIV_p24,11,0.4997,NON-ANTIGENIC,Failed
HIV_p24_Var_25_XWN58107.1,HIV_p24,11,0.4012,NON-ANTIGENIC,Failed
HIV_p24_Var_30_XWN58084.1,HIV_p24,11,0.4983,NON-ANTIGENIC,Failed
Mpox_L1R_Var_01_XYR87238.1,Mpox_L1R,10,0.7661,ANTIGENIC,Passes K&T and ESM-2
Mpox_L1R_Var_03_XYR87060.1,Mpox_L1R,10,0.9073,ANTIGENIC,Passes K&T and ESM-2
Mpox_L1R_Var_07_XYR86706.1,Mpox_L1R,10,0.987,ANTIGENIC,Passes K&T and ESM-2
Mpox_L1R_Var_09_XYH50751.1,Mpox_L1R,10,0.952,ANTIGENIC,Passes K&T and ESM-2
Mpox_L1R_Var_11_XYH50576.1,Mpox_L1R,10,0.8447,ANTIGENIC,Passes K&T and ESM-2
Mpox_L1R_Var_13_XYH80326.1,Mpox_L1R,10,0.4676,NON-ANTIGENIC,Failed
Mpox_L1R_Var_15_XVJ44734.1,Mpox_L1R,10,0.7231,ANTIGENIC,Passes K&T and ESM-2
Mpox_L1R_Var_17_XVJ44556.1,Mpox_L1R,10,0.6501,ANTIGENIC,Passes K&T and ESM-2
Mpox_L1R_Var_19_XVJ44378.1,Mpox_L1R,10,0.4635,NON-ANTIGENIC,Failed
Mpox_L1R_Var_21_XVJ44200.1,Mpox_L1R,10,0.8862,ANTIGENIC,Passes K&T and ESM-2
Mpox_L1R_Var_23_XVJ44022.1,Mpox_L1R,10,0.4431,NON-ANTIGENIC,Failed
Mpox_L1R_Var_25_XVJ43844.1,Mpox_L1R,10,0.3842,NON-ANTIGENIC,Failed
Mpox_L1R_Var_27_XVJ43666.1,Mpox_L1R,10,0.5657,ANTIGENIC,Passes K&T and ESM-2
Mpox_L1R_Var_29_XVJ43488.1,Mpox_L1R,10,0.8616,ANTIGENIC,Passes K&T and ESM-2
