Variant_ID,Target,MW_kDa,GRAVY,Instability_Index,Status
HIV_gp120_Var_01_YES72107.1,HIV_gp120,97.52,-0.26,38.62,STABLE
HIV_gp120_Var_02_YES72086.1,HIV_gp120,96.22,-0.13,38.58,STABLE
HIV_gp120_Var_03_XUS50365.1,HIV_gp120,95.3,-0.21,38.72,STABLE
HIV_gp120_Var_04_XUS50356.1,HIV_gp120,96.73,-0.27,36.86,STABLE
HIV_gp120_Var_05_XUS50347.1,HIV_gp120,96.61,-0.24,39.76,STABLE
HIV_gp120_Var_06_YAA49993.1,HIV_gp120,96.58,-0.21,38.75,STABLE
HIV_gp120_Var_07_YAA49984.1,HIV_gp120,96.34,-0.22,36.93,STABLE
HIV_gp120_Var_08_YAA49975.1,HIV_gp120,97.13,-0.2,38.69,STABLE
HIV_gp120_Var_09_YAA49963.1,HIV_gp120,97.12,-0.18,37.32,STABLE
HIV_gp120_Var_11_XZS46061.1,HIV_gp120,93.55,-0.23,37.33,STABLE
HIV_gp120_Var_13_YDB18357.1,HIV_gp120,97.21,-0.26,34.96,STABLE
HIV_gp120_Var_15_YCS46608.1,HIV_gp120,98.5,-0.25,36.88,STABLE
HIV_gp120_Var_17_YCS46590.1,HIV_gp120,96.7,-0.24,38.52,STABLE
HIV_gp120_Var_18_WVT29348.1,HIV_gp120,92.17,-0.17,38.49,STABLE
HIV_gp120_Var_19_WVT29340.1,HIV_gp120,93.22,-0.28,38.69,STABLE
HIV_gp120_Var_21_XZP52928.1,HIV_gp120,96.17,-0.2,37.92,STABLE
HIV_gp120_Var_25_pdb|8TTW|J,HIV_gp120,17.13,-0.11,35.1,STABLE
HIV_gp120_Var_27_pdb|8TTW|F,HIV_gp120,17.13,-0.11,35.1,STABLE
HIV_gp120_Var_29_pdb|8TTW|B,HIV_gp120,17.13,-0.11,35.1,STABLE
HIV_gp41_Var_01_YES72107.1,HIV_gp41,97.52,-0.26,38.62,STABLE
HIV_gp41_Var_02_XUS50365.1,HIV_gp41,95.3,-0.21,38.72,STABLE
HIV_gp41_Var_03_XUS50356.1,HIV_gp41,96.73,-0.27,36.86,STABLE
HIV_gp41_Var_04_XUS50347.1,HIV_gp41,96.61,-0.24,39.76,STABLE
HIV_gp41_Var_05_YAA49993.1,HIV_gp41,96.58,-0.21,38.75,STABLE
HIV_gp41_Var_06_YAA49984.1,HIV_gp41,96.34,-0.22,36.93,STABLE
HIV_gp41_Var_07_YAA49975.1,HIV_gp41,97.13,-0.2,38.69,STABLE
HIV_gp41_Var_08_YAA49963.1,HIV_gp41,97.12,-0.18,37.32,STABLE
HIV_gp41_Var_09_XZS46061.1,HIV_gp41,93.55,-0.23,37.33,STABLE
HIV_gp41_Var_10_YDB18357.1,HIV_gp41,97.21,-0.26,34.96,STABLE
HIV_gp41_Var_13_WVT29340.1,HIV_gp41,93.22,-0.28,38.69,STABLE
HIV_gp41_Var_18_pdb|8TTW|J,HIV_gp41,17.13,-0.11,35.1,STABLE
HIV_gp41_Var_19_pdb|8TTW|F,HIV_gp41,17.13,-0.11,35.1,STABLE
HIV_gp41_Var_20_pdb|8TTW|B,HIV_gp41,17.13,-0.11,35.1,STABLE
HIV_gp41_Var_23_XPO04995.1,HIV_gp41,98.1,-0.25,37.25,STABLE
HIV_gp41_Var_24_XPO04987.1,HIV_gp41,98.31,-0.23,38.21,STABLE
HIV_gp41_Var_25_XPO04978.1,HIV_gp41,98.31,-0.23,38.21,STABLE
HIV_gp41_Var_26_XPO04971.1,HIV_gp41,98.42,-0.23,37.46,STABLE
HIV_gp41_Var_27_XPO04794.1,HIV_gp41,98.95,-0.3,37.57,STABLE
HIV_gp41_Var_28_XPO04776.1,HIV_gp41,98.86,-0.29,39.18,STABLE
HIV_gp41_Var_30_XPO03852.1,HIV_gp41,99.52,-0.26,34.58,STABLE
HIV_p17_Var_01_YES72110.1,HIV_p17,161.97,-0.49,38.05,STABLE
HIV_p17_Var_03_YES72089.1,HIV_p17,158.6,-0.47,36.92,STABLE
HIV_p17_Var_23_XWN58111.1,HIV_p17,35.17,-0.56,37.93,STABLE
HIV_p17_Var_24_XWN58110.1,HIV_p17,34.85,-0.51,38.24,STABLE
HIV_p17_Var_25_XWN58107.1,HIV_p17,34.94,-0.53,36.85,STABLE
HIV_p17_Var_30_XWN58084.1,HIV_p17,35.11,-0.49,38.34,STABLE
HIV_p24_Var_01_YES72110.1,HIV_p24,161.97,-0.49,38.05,STABLE
HIV_p24_Var_03_YES72089.1,HIV_p24,158.6,-0.47,36.92,STABLE
HIV_p24_Var_23_XWN58111.1,HIV_p24,35.17,-0.56,37.93,STABLE
HIV_p24_Var_24_XWN58110.1,HIV_p24,34.85,-0.51,38.24,STABLE
HIV_p24_Var_25_XWN58107.1,HIV_p24,34.94,-0.53,36.85,STABLE
HIV_p24_Var_30_XWN58084.1,HIV_p24,35.11,-0.49,38.34,STABLE
Mpox_L1R_Var_01_XYR87238.1,Mpox_L1R,27.3,-0.0,33.47,STABLE
Mpox_L1R_Var_03_XYR87060.1,Mpox_L1R,27.3,-0.0,33.47,STABLE
Mpox_L1R_Var_07_XYR86706.1,Mpox_L1R,27.3,-0.0,33.47,STABLE
Mpox_L1R_Var_09_XYH50751.1,Mpox_L1R,27.28,-0.01,34.7,STABLE
Mpox_L1R_Var_11_XYH50576.1,Mpox_L1R,27.28,-0.01,34.7,STABLE
Mpox_L1R_Var_13_XYH80326.1,Mpox_L1R,27.3,-0.0,33.47,STABLE
Mpox_L1R_Var_15_XVJ44734.1,Mpox_L1R,27.3,-0.0,33.47,STABLE
Mpox_L1R_Var_17_XVJ44556.1,Mpox_L1R,27.3,-0.0,33.47,STABLE
Mpox_L1R_Var_19_XVJ44378.1,Mpox_L1R,27.3,-0.0,33.47,STABLE
Mpox_L1R_Var_21_XVJ44200.1,Mpox_L1R,27.3,-0.0,33.47,STABLE
Mpox_L1R_Var_23_XVJ44022.1,Mpox_L1R,27.3,-0.0,33.47,STABLE
Mpox_L1R_Var_25_XVJ43844.1,Mpox_L1R,27.3,-0.0,33.47,STABLE
Mpox_L1R_Var_27_XVJ43666.1,Mpox_L1R,27.3,-0.0,33.47,STABLE
Mpox_L1R_Var_29_XVJ43488.1,Mpox_L1R,27.3,-0.0,33.47,STABLE
